<annotation>
	<folder>images</folder>
	<filename>videoplayback5538.jpg</filename>
	<path>/Users/nehakumar/Documents/GitHub/MIDS_HW8/images/videoplayback5538.jpg</path>
	<source>
		<database>Unknown</database>
	</source>
	<size>
		<width>1000</width>
		<height>563</height>
		<depth>3</depth>
	</size>
	<segmented>0</segmented>
	<object>
		<name>Millennium Falcon</name>
		<pose>Unspecified</pose>
		<truncated>0</truncated>
		<difficult>0</difficult>
		<bndbox>
			<xmin>804</xmin>
			<ymin>129</ymin>
			<xmax>889</xmax>
			<ymax>187</ymax>
		</bndbox>
	</object>
	<object>
		<name>Tie Fighter</name>
		<pose>Unspecified</pose>
		<truncated>0</truncated>
		<difficult>0</difficult>
		<bndbox>
			<xmin>299</xmin>
			<ymin>268</ymin>
			<xmax>345</xmax>
			<ymax>332</ymax>
		</bndbox>
	</object>
</annotation>
