<annotation>
	<folder>images</folder>
	<filename>videoplayback2825.jpg</filename>
	<path>/Users/nehakumar/Documents/GitHub/MIDS_HW8/images/videoplayback2825.jpg</path>
	<source>
		<database>Unknown</database>
	</source>
	<size>
		<width>1000</width>
		<height>563</height>
		<depth>3</depth>
	</size>
	<segmented>0</segmented>
	<object>
		<name>Tie Fighter</name>
		<pose>Unspecified</pose>
		<truncated>0</truncated>
		<difficult>0</difficult>
		<bndbox>
			<xmin>486</xmin>
			<ymin>176</ymin>
			<xmax>576</xmax>
			<ymax>255</ymax>
		</bndbox>
	</object>
	<object>
		<name>Tie Fighter</name>
		<pose>Unspecified</pose>
		<truncated>0</truncated>
		<difficult>0</difficult>
		<bndbox>
			<xmin>705</xmin>
			<ymin>235</ymin>
			<xmax>799</xmax>
			<ymax>317</ymax>
		</bndbox>
	</object>
</annotation>
