<annotation>
	<folder>images</folder>
	<filename>videoplayback3470.jpg</filename>
	<path>/Users/nehakumar/Documents/GitHub/MIDS_HW8/images/videoplayback3470.jpg</path>
	<source>
		<database>Unknown</database>
	</source>
	<size>
		<width>1000</width>
		<height>563</height>
		<depth>3</depth>
	</size>
	<segmented>0</segmented>
	<object>
		<name>Tie Fighter</name>
		<pose>Unspecified</pose>
		<truncated>1</truncated>
		<difficult>0</difficult>
		<bndbox>
			<xmin>752</xmin>
			<ymin>137</ymin>
			<xmax>1000</xmax>
			<ymax>487</ymax>
		</bndbox>
	</object>
	<object>
		<name>Tie Fighter</name>
		<pose>Unspecified</pose>
		<truncated>0</truncated>
		<difficult>0</difficult>
		<bndbox>
			<xmin>136</xmin>
			<ymin>158</ymin>
			<xmax>274</xmax>
			<ymax>313</ymax>
		</bndbox>
	</object>
	<object>
		<name>Millennium Falcon</name>
		<pose>Unspecified</pose>
		<truncated>0</truncated>
		<difficult>0</difficult>
		<bndbox>
			<xmin>335</xmin>
			<ymin>222</ymin>
			<xmax>462</xmax>
			<ymax>278</ymax>
		</bndbox>
	</object>
</annotation>
