<annotation>
	<folder>images</folder>
	<filename>videoplayback0529.jpg</filename>
	<path>/Users/nehakumar/Documents/GitHub/MIDS_HW8/images/videoplayback0529.jpg</path>
	<source>
		<database>Unknown</database>
	</source>
	<size>
		<width>1000</width>
		<height>563</height>
		<depth>3</depth>
	</size>
	<segmented>0</segmented>
	<object>
		<name>Tie Fighter</name>
		<pose>Unspecified</pose>
		<truncated>0</truncated>
		<difficult>0</difficult>
		<bndbox>
			<xmin>91</xmin>
			<ymin>143</ymin>
			<xmax>169</xmax>
			<ymax>232</ymax>
		</bndbox>
	</object>
	<object>
		<name>Tie Fighter</name>
		<pose>Unspecified</pose>
		<truncated>0</truncated>
		<difficult>0</difficult>
		<bndbox>
			<xmin>227</xmin>
			<ymin>257</ymin>
			<xmax>247</xmax>
			<ymax>279</ymax>
		</bndbox>
	</object>
</annotation>
