<annotation>
	<folder>images</folder>
	<filename>videoplayback6080.jpg</filename>
	<path>/Users/nehakumar/Documents/GitHub/MIDS_HW8/images/videoplayback6080.jpg</path>
	<source>
		<database>Unknown</database>
	</source>
	<size>
		<width>1000</width>
		<height>563</height>
		<depth>3</depth>
	</size>
	<segmented>0</segmented>
	<object>
		<name>Tie Fighter</name>
		<pose>Unspecified</pose>
		<truncated>0</truncated>
		<difficult>0</difficult>
		<bndbox>
			<xmin>295</xmin>
			<ymin>261</ymin>
			<xmax>331</xmax>
			<ymax>297</ymax>
		</bndbox>
	</object>
	<object>
		<name>Millennium Falcon</name>
		<pose>Unspecified</pose>
		<truncated>0</truncated>
		<difficult>0</difficult>
		<bndbox>
			<xmin>472</xmin>
			<ymin>283</ymin>
			<xmax>612</xmax>
			<ymax>401</ymax>
		</bndbox>
	</object>
</annotation>
